{"cameraMode":{"drawMode":0,"name":"Shaded","section":"Shading Mode"},"sceneLighting":true,"audioPlay":false,"sceneViewState":{"m_AlwaysRefresh":false,"showFog":true,"showSkybox":true,"showFlares":true,"showImageEffects":true,"showParticleSystems":true,"showVisualEffectGraphs":true,"m_FxEnabled":true},"in2DMode":false,"pivot":{"x":2.500121831893921,"y":3.8803000450134279,"z":-7.5975117683410648},"rotation":{"x":-0.24361303448677064,"y":0.06365802884101868,"z":-0.016060441732406617,"w":-0.9677601456642151},"size":0.8161119222640991,"orthographic":false}