{"cameraMode":{"drawMode":0,"name":"Shaded","section":"Shading Mode"},"sceneLighting":true,"audioPlay":false,"sceneViewState":{"m_AlwaysRefresh":false,"showFog":true,"showSkybox":true,"showFlares":true,"showImageEffects":true,"showParticleSystems":true,"showVisualEffectGraphs":true,"m_FxEnabled":true},"in2DMode":false,"pivot":{"x":-0.5340180993080139,"y":7.249866485595703,"z":-14.338776588439942},"rotation":{"x":-0.23315083980560304,"y":-0.06444182246923447,"z":0.01546075101941824,"w":-0.9703310132026672},"size":0.05836569517850876,"orthographic":false}